date,verdict,gate,alerts,readiness,xverify_fatal,run_id,stamped_at
2026-08-26,✅ 검사된 무소식,PASS,0,미확인,미해소 있음(G2 대체유 z격차 방향 해석(작업 대기열 등재) · 개정 확정치 94종…),32898132191,2026-08-26T03:03:58+00:00
2026-08-27,✅ 검사된 무소식,PASS,0,미확인,미해소 있음(G2 대체유 z격차 방향 해석(작업 대기열 등재) · 개정 확정치 94종…),33025008464,2026-08-27T00:29:05+00:00
2026-08-28,🔴 게이트 REJECTED,REJECTED,0,미확인,미해소 있음(G2 대체유 z격차 방향 해석(작업 대기열 등재) · 개정 확정치 94종…),33170264982,2026-08-28T18:17:40+00:00
2026-08-29,✅ 검사된 무소식,PASS,0,미확인,미해소 있음(G2 대체유 z격차 방향 해석(작업 대기열 등재) · 개정 확정치 94종…),33279247090,2026-08-29T23:15:49+00:00
2026-08-30,✅ 검사된 무소식,PASS,0,통과,미해소 있음(G2 대체유 z격차 방향 해석(작업 대기열 등재) · 개정 확정치 94종…),33340325108,2026-08-30T23:11:15+00:00
2026-09-01,✅ 검사된 무소식,PASS,0,통과,미해소 있음(G2 대체유 z격차 방향 해석(작업 대기열 등재) · 개정 확정치 94종…),33567640076,2026-09-01T22:58:15+00:00
2026-09-02,⚠️ 경보 1건,PASS,1,통과,미해소 있음(G2 대체유 z격차 방향 해석(작업 대기열 등재) · 개정 확정치 94종…),33691898100,2026-09-02T23:00:16+00:00
2026-09-03,✅ 검사된 무소식,PASS,0,통과,미해소 있음(G2 대체유 z격차 방향 해석(작업 대기열 등재) · 개정 확정치 94종…),33814352659,2026-09-03T23:39:06+00:00
2026-09-04,⚠️ 경보 1건,PASS,1,통과,미해소 있음(G2 대체유 z격차 방향 해석(작업 대기열 등재) · 개정 확정치 94종…),33925497176,2026-09-04T23:13:27+00:00
